Category,Feature Importance
Size (in²),0.6689502736990477
Artist,0.14180064889145413
Styles,0.10609792216075684
Mediums,0.042198766430671976
Subjects,0.02868914854842764
Materials,0.011803110568500993
